{"youngExact": 0.5762021189894051, "youngOneOff": 0.8573757131214343, "youngTwoOff": 1.0, "youngTrainTime": 715.23632645607, "youngHist": {"loss": [4.63601016998291, 3.9905080795288086, 3.6280694007873535, 3.3035166263580322, 3.0421814918518066, 2.817155361175537, 2.603907346725464, 2.4162344932556152, 2.261796474456787, 2.1295533180236816, 1.9998555183410645, 1.8729863166809082], "accuracy": [0.43512383103370667, 0.5134032964706421, 0.5423504114151001, 0.567933976650238, 0.5836306214332581, 0.6002446413040161, 0.614820122718811, 0.6328610777854919, 0.6424421668052673, 0.6558964252471924, 0.6631332039833069, 0.6824992299079895], "val_loss": [3.780529022216797, 3.268686532974243, 2.9875378608703613, 3.013793468475342, 2.9558684825897217, 2.921717643737793, 2.5069692134857178, 2.59506893157959, 2.0758447647094727, 2.854504108428955, 2.3998281955718994, 2.2997944355010986], "val_accuracy": [0.48899754881858826, 0.5762020945549011, 0.5566422343254089, 0.3773431181907654, 0.334963321685791, 0.29706600308418274, 0.426242858171463, 0.34148329496383667, 0.5391197800636292, 0.2673186659812927, 0.36185818910598755, 0.3989405035972595]}, "oldExact": 0.6385493072534637, "oldOneOff": 0.8973105134474327, "oldTwoOff": 1.0, "oldTrainTime": 1239.4778237342834, "oldHist": {"loss": [5.029342174530029, 4.389508247375488, 4.025807857513428, 3.7116096019744873, 3.4307727813720703, 3.184544086456299, 2.985766649246216, 2.8141257762908936, 2.6438825130462646, 2.505354642868042, 2.3532724380493164, 2.254499912261963, 2.1346046924591064, 2.0520830154418945, 1.972373366355896, 1.8861165046691895, 1.824149489402771, 1.7619554996490479, 1.6975395679473877, 1.6690902709960938, 1.6127384901046753], "accuracy": [0.3507287800312042, 0.39302822947502136, 0.4372642934322357, 0.4750789999961853, 0.5028029680252075, 0.5243094563484192, 0.541229248046875, 0.5515238046646118, 0.5668127536773682, 0.580267071723938, 0.5874018669128418, 0.6022831797599792, 0.6144123673439026, 0.6225665211677551, 0.6325553059577942, 0.647334635257721, 0.6475384831428528, 0.6571195721626282, 0.6704719066619873, 0.684130072593689, 0.6869840025901794], "val_loss": [4.48029899597168, 3.622885227203369, 3.0400912761688232, 2.74322509765625, 2.5650455951690674, 2.385152578353882, 2.282219886779785, 2.09108304977417, 1.9661284685134888, 2.194995403289795, 1.8454771041870117, 1.7071930170059204, 1.909454107284546, 1.5770915746688843, 1.5203735828399658, 1.5107821226119995, 1.52738356590271, 1.4681029319763184, 1.474932312965393, 1.4946433305740356, 1.4692989587783813], "val_accuracy": [0.16299918293952942, 0.354523241519928, 0.5611246824264526, 0.590872049331665, 0.5680521726608276, 0.5900570750236511, 0.5660146474838257, 0.5900570750236511, 0.5957620143890381, 0.5211898684501648, 0.5806846022605896, 0.6088019609451294, 0.537082314491272, 0.623064398765564, 0.6361043453216553, 0.6271393895149231, 0.621026873588562, 0.634881854057312, 0.6385493278503418, 0.6193969249725342, 0.6193969249725342]}}