{"KNNScore": {"0": {"precision": 0.7826797385620915, "recall": 0.7983333333333333, "f1-score": 0.7904290429042905, "support": 1200}, "1": {"precision": 0.8032520325203252, "recall": 0.7878787878787878, "f1-score": 0.7954911433172303, "support": 1254}, "accuracy": 0.7929910350448248, "macro avg": {"precision": 0.7929658855412083, "recall": 0.7931060606060606, "f1-score": 0.7929600931107603, "support": 2454}, "weighted avg": {"precision": 0.7931922310737561, "recall": 0.7929910350448248, "f1-score": 0.7930157885920763, "support": 2454}}, "K": 43}