{"model_name": "user_knn_model", "p_model_scores": {"Young": {"precision": 0.8823210412147505, "recall": 0.9018847006651884, "f1-score": 0.8919956140350878, "support": 1804}, "Old": {"precision": 0.7103109656301145, "recall": 0.6666666666666666, "f1-score": 0.6877971473851029, "support": 651}, "acc": 0.8395112016293279}, "p_model_params": {"K": 50, "train_nbr": 9816, "test_nbr": 2455}, "u_model_scores": {"Young": {"precision": 0.9004629629629629, "recall": 0.9110070257611241, "f1-score": 0.9057043073341094, "support": 427}, "Old": {"precision": 0.696, "recall": 0.6692307692307692, "f1-score": 0.6823529411764705, "support": 130}, "acc": 0.8545780969479354}, "u_model_params": {"K": 21, "train_nbr": 2226, "test_nbr": 557}}