{"model_name": "user_knn_model", "p_model_scores": {"Young": {"precision": 0.812989921612542, "recall": 0.8157303370786517, "f1-score": 0.8143578238923164, "support": 890}, "Old": {"precision": 0.8148984198645598, "recall": 0.81214848143982, "f1-score": 0.8135211267605633, "support": 889}, "acc": 0.8139404159640248}, "p_model_params": {"K": 75, "train_nbr": 7112, "test_nbr": 1779}, "u_model_scores": {"Young": {"precision": 1.0, "recall": 0.75, "f1-score": 0.8571428571428571, "support": 4}, "Old": {"precision": 0.75, "recall": 1.0, "f1-score": 0.8571428571428571, "support": 3}, "acc": 0.8571428571428571}, "u_model_params": {"K": 1, "train_nbr": 63, "test_nbr": 7}}