{"model_name": "pretrained_knn_model", "p_model_scores": {"Young": {"precision": 0.9080459770114943, "recall": 0.8926553672316384, "f1-score": 0.9002849002849003, "support": 177}, "Old": {"precision": 0.8938547486033519, "recall": 0.9090909090909091, "f1-score": 0.9014084507042253, "support": 176}, "acc": 0.9008498583569405, "test_score": 0.9008498583569405}, "p_model_params": {"K": 12, "train_nbr": 1408, "test_nbr": 353}, "u_model_scores": {"Young": {"precision": 0.875, "recall": 0.84, "f1-score": 0.8571428571428572, "support": 100}, "Old": {"precision": 0.813953488372093, "recall": 0.8536585365853658, "f1-score": 0.8333333333333333, "support": 82}, "acc": 0.8461538461538461, "test_score": 0.8461538461538461}, "u_model_params": {"K": 6, "train_nbr": 1031, "test_nbr": 182}}