{"model_name": "pretrained_knn_model", "p_model_scores": {"Young": {"precision": 0.8823210412147505, "recall": 0.9018847006651884, "f1-score": 0.8919956140350878, "support": 1804}, "Old": {"precision": 0.7103109656301145, "recall": 0.6666666666666666, "f1-score": 0.6877971473851029, "support": 651}, "acc": 0.8395112016293279}, "p_model_params": {"K": 50, "train_nbr": 9816, "test_nbr": 2455}, "u_model_scores": {"Young": {"precision": 0.7992831541218638, "recall": 0.7636986301369864, "f1-score": 0.7810858143607706, "support": 292}, "Old": {"precision": 0.8005780346820809, "recall": 0.8318318318318318, "f1-score": 0.8159057437407954, "support": 333}, "acc": 0.8}, "u_model_params": {"K": 11, "train_nbr": 2500, "test_nbr": 625}}