{"model_name": "pretrained_knn_model", "p_model_scores": {"Young": {"precision": 0.8959025470653378, "recall": 0.8914600550964187, "f1-score": 0.8936757801712235, "support": 1815}, "Old": {"precision": 0.6964560862865947, "recall": 0.70625, "f1-score": 0.7013188518231187, "support": 640}, "acc": 0.8431771894093686}, "p_model_params": {"K": 22, "train_nbr": 9816, "test_nbr": 2455}}