{"model_name": "pretrained_knn_model", "p_model_scores": {"Young": {"precision": 0.9080459770114943, "recall": 0.8926553672316384, "f1-score": 0.9002849002849003, "support": 177}, "Old": {"precision": 0.8938547486033519, "recall": 0.9090909090909091, "f1-score": 0.9014084507042253, "support": 176}, "acc": 0.9008498583569405, "test_score": 0.9008498583569405}, "p_model_params": {"K": 12, "train_nbr": 1408, "test_nbr": 353}}